{
  "total_spend": 129074465.77000238,
  "transaction_count": 49741,
  "unique_suppliers": 3019,
  "financial_years": [
    "2021/22",
    "2022/23",
    "2023/24",
    "2024/25",
    "2025/26"
  ],
  "top_suppliers": [
    [
      "LIBERATA UK LTD",
      17246735.260000005
    ],
    [
      "PENDLE LEISURE LTD",
      6660314.780000002
    ],
    [
      "LANCASHIRE COUNTY COUNCIL",
      5892534.689999998
    ],
    [
      "DEPARTMENT FOR BUSINESS AND TRADE",
      4496409.32
    ],
    [
      "PEARL 2",
      3564854.0399999996
    ],
    [
      "BRENTWOOD BOROUGH COUNCIL",
      3000000.0
    ],
    [
      "SURREY COUNTY COUNCIL",
      3000000.0
    ],
    [
      "A&G LANDSCAPES & GROUNDWORKS LTD",
      2683865.849999999
    ],
    [
      "NW RECRUITMENT SERVICES LTD",
      2325669.929999997
    ],
    [
      "GO PLANT FLEET SERVICES LTD",
      2272678.110000013
    ],
    [
      "NELSON & COLNE COLLEGE",
      2032692.12
    ],
    [
      "B & E BOYS LTD",
      1777307.51
    ],
    [
      "BARNOLDSWICK TOWN COUNCIL",
      1717214.7300000002
    ],
    [
      "RIVERSIDE TRUCK RENTAL LTD",
      1609072.4500000014
    ],
    [
      "APTUS UTILITIES LTD",
      1572545.8599999999
    ],
    [
      "READSTONE CONSTRUCTION",
      1414055.2299999997
    ],
    [
      "O`CALLAGHAN LTD",
      1379266.56
    ],
    [
      "MARCHBRIDGE BUILDERS LTD",
      1230424.5599999998
    ],
    [
      "COLNE BID LTD",
      1082761.7499999998
    ],
    [
      "ACTIVE LANCASHIRE LTD",
      1081736.81
    ]
  ],
  "top_departments": [
    [
      "Finance",
      34638804.99999993
    ],
    [
      "Financial Services",
      26820220.750000037
    ],
    [
      "Operational Services",
      15621894.549999872
    ],
    [
      "Engineering & Special Projects",
      14485014.969999965
    ],
    [
      "Economic Growth",
      12674967.319999991
    ],
    [
      "Policy & Commissioning",
      6570713.069999998
    ],
    [
      "Housing & Environmental Health",
      5156604.38999999
    ],
    [
      "Property Services",
      3268205.8699999987
    ],
    [
      "Property & Engineering",
      3055269.6300000004
    ],
    [
      "Parks & Recreation Services",
      1870108.6099999973
    ]
  ],
  "top_payment_types": [
    [
      "Unknown",
      129074465.77000238
    ]
  ],
  "monthly_spend": {
    "2021-04": 6564117.930000003,
    "2022-04": 2870778.7899999963,
    "2023-04": 2301747.660000001,
    "2024-04": 1404144.3000000003,
    "2025-04": 3829213.4700000044,
    "2021-08": 1236756.2599999988,
    "2022-08": 1825494.8900000018,
    "2023-08": 2014921.6500000006,
    "2024-08": 2092201.1700000053,
    "2025-08": 1524492.71,
    "2021-12": 1247662.3500000008,
    "2022-12": 1092471.9600000002,
    "2023-12": 2374731.7200000016,
    "2024-12": 2044750.4599999995,
    "2025-12": 5170078.579999999,
    "2022-02": 2059079.9300000004,
    "2023-02": 1304138.2200000018,
    "2024-02": 2953517.2200000016,
    "2025-02": 2737188.240000001,
    "2022-01": 1333813.0800000015,
    "2023-01": 2585618.7599999956,
    "2024-01": 1784000.260000001,
    "2025-01": 2221573.4199999985,
    "2021-07": 1945378.310000001,
    "2022-07": 1345860.8199999996,
    "2023-07": 1056069.7400000007,
    "2024-07": 1916092.4400000018,
    "2025-07": 2497587.9299999974,
    "2021-06": 2018378.3800000001,
    "2022-06": 1298183.4199999995,
    "2023-06": 1355925.8100000008,
    "2024-06": 2029267.2299999993,
    "2025-06": 1610617.9500000004,
    "2022-03": 2267790.029999998,
    "2023-03": 3266617.550000005,
    "2024-03": 2235085.160000001,
    "2025-03": 2488957.599999999,
    "2021-05": 2095705.0600000015,
    "2022-05": 2114943.7899999972,
    "2023-05": 1700869.8200000003,
    "2024-05": 1956281.0499999989,
    "2025-05": 1621027.0999999966,
    "2021-11": 1800407.4800000004,
    "2022-11": 1231418.9300000002,
    "2023-11": 5894385.3999999985,
    "2024-11": 2370245.320000002,
    "2025-11": 2235866.5099999993,
    "2021-10": 510939.8399999999,
    "2022-10": 1267147.9100000001,
    "2023-10": 1210494.5599999998,
    "2024-10": 2729916.0500000035,
    "2025-10": 6457701.6899999995,
    "2021-09": 1820390.9100000004,
    "2022-09": 2397007.3000000026,
    "2023-09": 2657608.189999995,
    "2024-09": 1799013.4500000004,
    "2025-09": 3298790.0099999914
  },
  "year_totals": {
    "2021": 19239736.520000007,
    "2022": 21103990.85,
    "2023": 27723129.08,
    "2024": 25314514.11000001,
    "2025": 35693095.20999998
  },
  "supplier_size_distribution": {
    "under_1k": 628,
    "1k_to_10k": 1592,
    "10k_to_100k": 644,
    "100k_to_1m": 133,
    "over_1m": 22
  }
}