{
  "total_spend": 157350457.60999948,
  "transaction_count": 37514,
  "unique_suppliers": 1689,
  "financial_years": [
    "2015/16",
    "2016/17",
    "2017/18",
    "2018/19",
    "2019/20",
    "2020/21",
    "2021/22",
    "2022/23",
    "2023/24",
    "2024/25",
    "2025/26"
  ],
  "top_suppliers": [
    [
      "VBA JOINT VENTURE LTD",
      22822989.289999995
    ],
    [
      "BLACKPOOL COUNCIL",
      16077550.21000001
    ],
    [
      "MASTERSTAFF",
      6586885.43999999
    ],
    [
      "LANCASHIRE COUNTY COUNCIL",
      5068760.109999998
    ],
    [
      "DENNIS EAGLE",
      4834649.6899999995
    ],
    [
      "ERIC WRIGHT CIVIL ENGINEERING LTD",
      4540850.000000001
    ],
    [
      "ZURICH MUNICIPAL",
      2392130.16
    ],
    [
      "DANFO (UK) LTD",
      2368823.199999999
    ],
    [
      "F. PARKINSON LTD",
      2294700.7699999996
    ],
    [
      "TOTAL GAS & POWER LTD",
      2208586.2300000023
    ],
    [
      "GEORGE COX & SONS LTD",
      2030215.1600000001
    ],
    [
      "N A RAWCLIFFE & SON LTD",
      1970310.6000000003
    ],
    [
      "BRIMAS CONSTRUCTION LTD",
      1863727.44
    ],
    [
      "FYLDE COAST Y.M.C.A.",
      1794300.3299999994
    ],
    [
      "WILLIAM PYE LTD",
      1757828.9499999993
    ],
    [
      "HUMANKIND CHARITY (FORMALLY DISC)",
      1713751.6
    ],
    [
      "JOHN TURNER CONSTRUCTION GROUP LTD",
      1475993.0799999998
    ],
    [
      "MARK BENNETT PLUMBING HEATING - MB CONTRACTS LTD",
      1363474.83
    ],
    [
      "BALMERS GARDEN MACHINERY",
      1357799.8500000003
    ],
    [
      "CIVICA UK LTD",
      1260892.13
    ]
  ],
  "top_departments": [
    [
      "STRATEGIC DEVELOPMENT",
      47359750.080000035
    ],
    [
      "COMMUNITY SERVICES",
      34400495.719999865
    ],
    [
      "GOVERNANCE AND PARTNERSHIPS",
      33241999.019999914
    ],
    [
      "OPERATIONAL SERVICES",
      26244379.73999999
    ],
    [
      "STRATEGIC PLANNING AND DEVELOPMENT",
      14560880.279999997
    ],
    [
      "CHIEF EXECUTIVE",
      1414533.8600000006
    ],
    [
      "COMMUNITY AND CULTURAL SERVICES",
      103737.87999999999
    ],
    [
      "DMOCRTIC SVCS AND MEMBER SUPPT",
      14085.13
    ],
    [
      "CORPORATE POLICY AND PERFORMANCE",
      5920.9
    ],
    [
      "STREETSCENE SERVICES",
      2500.0
    ]
  ],
  "top_payment_types": [
    [
      "Unknown",
      157350457.60999948
    ]
  ],
  "monthly_spend": {
    "2022-11": 986497.4000000004,
    "2023-04": 755089.0900000003,
    "2022-08": 1923239.179999998,
    "2025-02": 2325151.7499999986,
    "2017-04": 1376623.1199999996,
    "2018-04": 3438814.120000001,
    "2019-04": 1048954.6900000002,
    "2020-04": 843894.44,
    "2021-04": 1328030.0700000003,
    "2022-04": 657617.0199999998,
    "2024-04": 1838269.1899999997,
    "2025-04": 2215444.349999999,
    "2017-08": 1297367.290000001,
    "2015-08": 643316.0100000002,
    "2016-08": 1623250.2800000007,
    "2018-08": 1043398.3400000003,
    "2019-08": 997861.3700000001,
    "2020-08": 606661.3299999996,
    "2021-08": 1330703.519999999,
    "2023-08": 1419126.7999999986,
    "2024-08": 891964.7499999995,
    "2025-08": 1246837.4400000002,
    "2023-02": 1255359.3900000008,
    "2017-12": 481703.2700000001,
    "2016-12": 537067.0700000002,
    "2018-12": 1016480.3599999994,
    "2019-12": 2137901.32,
    "2020-12": 622871.35,
    "2021-12": 1072542.3399999994,
    "2023-12": 1197454.4299999997,
    "2024-12": 1286678.1999999993,
    "2025-12": 796884.51,
    "2017-02": 680405.3300000002,
    "2018-02": 1042216.0800000001,
    "2019-02": 1652784.3299999994,
    "2020-02": 884376.1499999999,
    "2021-02": 731154.27,
    "2022-02": 774607.9100000001,
    "2024-02": 1700219.5499999998,
    "2018-01": 1145644.2300000002,
    "2017-01": 526179.3600000001,
    "2019-01": 1332122.830000001,
    "2020-01": 973976.8799999998,
    "2021-01": 997303.3099999991,
    "2022-01": 654758.6500000001,
    "2024-01": 1487146.3399999994,
    "2025-01": 2425952.7799999984,
    "2016-07": 616307.4799999999,
    "2017-07": 725752.0099999998,
    "2018-07": 2835059.270000002,
    "2019-07": 3011989.98,
    "2020-07": 808301.2399999998,
    "2021-07": 1458328.9699999986,
    "2023-07": 1177924.1899999997,
    "2024-07": 1247623.8499999996,
    "2025-07": 1441013.430000002,
    "2016-06": 1335700.7700000005,
    "2017-06": 871988.9299999998,
    "2018-06": 2916183.6299999985,
    "2019-06": 1477305.8100000005,
    "2020-06": 1023760.91,
    "2021-06": 1326971.2,
    "2023-06": 978861.9900000001,
    "2024-06": 1108876.8,
    "2025-06": 1205550.6299999997,
    "2017-03": 1430318.5599999982,
    "2018-03": 2083115.3400000017,
    "2019-03": 1879155.3600000003,
    "2020-03": 1742686.8699999992,
    "2021-03": 1109155.8900000004,
    "2024-03": 2444946.5699999984,
    "2025-03": 2763540.1200000015,
    "2022-03": 1808664.1600000006,
    "2016-05": 462329.91999999975,
    "2017-05": 813213.5399999998,
    "2018-05": 1451680.200000001,
    "2019-05": 1589777.1799999997,
    "2020-05": 952993.6900000002,
    "2021-05": 708867.69,
    "2023-05": 1407012.8099999994,
    "2024-05": 1373691.8099999982,
    "2025-05": 895057.3200000008,
    "2023-03": 1577882.9600000018,
    "2017-11": 1874051.3899999992,
    "2016-11": 790851.2099999998,
    "2018-11": 1962342.2900000007,
    "2019-11": 2337570.4099999997,
    "2020-11": 1294711.3399999999,
    "2021-11": 917607.1200000002,
    "2023-11": 1724542.9599999997,
    "2025-11": 1650580.390000002,
    "2024-11": 851203.04,
    "2017-10": 634476.6999999998,
    "2016-10": 1233380.7599999998,
    "2018-10": 2404940.2800000026,
    "2019-10": 2777461.0700000008,
    "2020-10": 512571.5000000004,
    "2021-10": 1069511.5400000007,
    "2023-10": 1322721.450000001,
    "2024-10": 1037472.7899999996,
    "2025-10": 1158876.7599999995,
    "2015-09": 1171244.6299999994,
    "2015-10": 1027613.5900000007,
    "2015-11": 610317.0000000002,
    "2016-03": 1049731.7900000007,
    "2016-04": 1689950.4600000004,
    "2022-05": 1154809.000000001,
    "2022-10": 1663245.4800000007,
    "2023-01": 878162.2100000001,
    "2017-09": 472590.99999999953,
    "2016-09": 581853.23,
    "2018-09": 1575785.890000002,
    "2019-09": 1292604.9300000006,
    "2020-09": 942077.4700000007,
    "2021-09": 859275.2099999998,
    "2023-09": 1600790.75,
    "2024-09": 1264093.5499999998,
    "2025-09": 1244539.5300000003,
    "2022-12": 853229.5900000002,
    "2016-02": 579353.22,
    "2022-07": 644583.08,
    "2022-06": 1326240.1299999985
  },
  "year_totals": {
    "2022": 12447491.6,
    "2023": 15294929.030000001,
    "2025": 19369429.009999998,
    "2017": 11184670.499999998,
    "2018": 22915660.030000005,
    "2019": 21535489.28,
    "2020": 11208883.169999998,
    "2021": 12909451.129999997,
    "2024": 16532186.439999994,
    "2015": 3452491.2300000004,
    "2016": 10499776.190000003
  },
  "supplier_size_distribution": {
    "under_1k": 217,
    "1k_to_10k": 784,
    "10k_to_100k": 504,
    "100k_to_1m": 161,
    "over_1m": 23
  }
}