{
  "total_spend": 1732639349.26,
  "transaction_count": 492973,
  "unique_suppliers": 1236,
  "financial_years": [
    "2020/21",
    "2021/22",
    "2022/23",
    "2023/24",
    "2024/25",
    "2025/26"
  ],
  "top_suppliers": [
    [
      "REDACTED",
      35898695.81999989
    ],
    [
      "NHS LANCASHIRE AND SOUTH CUMBRIA ICB",
      2169939.0
    ],
    [
      "WITHERSLACK GROUP LTD",
      2106486.920000001
    ],
    [
      "CONLON CONSTRUCTION LTD",
      2092442.79
    ],
    [
      "SEDDON CONSTRUCTION LTD",
      1940809.58
    ],
    [
      "HOMECARE FOR YOU",
      1459885.759999993
    ],
    [
      "THE CALICO GROUP LTD",
      1319641.0399999998
    ],
    [
      "UNITED UTILITIES WATER PLC",
      1247047.3900000001
    ],
    [
      "SUEZ RECYCLING & RECOVERY UK L",
      1228208.7099999997
    ],
    [
      "MY3 LTD",
      1175714.1
    ],
    [
      "BIRTENSHAW RES SCHOOL",
      991877.3599999998
    ],
    [
      "LIFEWAYS PARAGON LTD",
      933028.9400000002
    ],
    [
      "LANCASHIRE COUNTY COUNCIL",
      923530.17
    ],
    [
      "CREATIVE SUPPORT LTD",
      881028.1300000002
    ],
    [
      "ROAD MAINTENANCE SERVICES LTD",
      837179.3200000001
    ],
    [
      "TARMAC TRADING LTD",
      807385.7899999999
    ],
    [
      "ALTERNATIVE FUTURES GROUP",
      794342.3000000004
    ],
    [
      "CROSSHILL SCHOOL",
      715627.85
    ],
    [
      "I CARE GB LTD",
      700410.8499999997
    ],
    [
      "SELECT SUPPORT 4U LTD",
      690176.2899999999
    ]
  ],
  "top_departments": [
    [
      "Unknown",
      94113940.1099989
    ]
  ],
  "top_payment_types": [
    [
      "Unknown",
      94113940.1099989
    ]
  ],
  "monthly_spend": {
    "2020-04": 14548175.05,
    "2020-05": 15325663.68,
    "2020-06": 29840228.1,
    "2020-07": 19712017.19,
    "2020-08": 15555476.49,
    "2020-09": 17641786.54,
    "2020-10": 16607724.47,
    "2020-12": 3650674.78,
    "2021-01": 19227935.13,
    "2021-02": 19111130.23,
    "2021-03": 24923052.0,
    "2021-04": 17963838.38,
    "2021-05": 15689181.57,
    "2021-06": 19752104.46,
    "2021-07": 20733551.91,
    "2021-08": 11880292.63,
    "2021-09": 16299277.74,
    "2021-10": 18471243.35,
    "2021-11": 17582092.49,
    "2021-12": 19230396.62,
    "2022-01": 18558530.64,
    "2022-02": 207774353.33,
    "2022-03": 25906180.48,
    "2022-04": 16066103.91,
    "2022-05": 17483851.72,
    "2022-06": 17754971.67,
    "2022-07": 19328185.24,
    "2022-08": 11557938.75,
    "2022-09": 16698283.02,
    "2022-10": 20237261.0,
    "2022-11": 11841447.79,
    "2022-12": 20032323.65,
    "2023-01": 41764040.04,
    "2023-02": 37120252.2,
    "2023-03": 76590405.21,
    "2023-04": 31445820.86,
    "2023-05": 19079841.58,
    "2023-06": 20024770.94,
    "2023-07": 17764848.55,
    "2023-08": 19210002.17,
    "2023-09": 23422439.06,
    "2023-10": 21584138.88,
    "2023-11": 21191354.02,
    "2023-12": 20482865.98,
    "2024-01": 24446633.25,
    "2024-02": 22141786.95,
    "2024-03": 22186876.66,
    "2024-04": 19188870.39,
    "2024-05": 24115178.87,
    "2024-06": 22324587.5,
    "2024-07": 27102844.31,
    "2024-08": 24388844.46,
    "2024-09": 20656443.71,
    "2024-10": 29116620.25,
    "2024-11": 25004146.04,
    "2024-12": 18023747.16,
    "2025-01": 30289771.79,
    "2025-02": 27611019.44,
    "2025-03": 25000142.91,
    "2025-04": 25271809.91,
    "2025-05": 24517908.55,
    "2025-06": 26712993.1,
    "2025-07": 35764302.85,
    "2025-08": 26424409.42,
    "2025-09": 31570418.13,
    "2025-10": 32701459.82,
    "2025-11": 29398909.11,
    "2025-12": 32013571.18
  },
  "year_totals": {
    "2020": 132881746.29999998,
    "2021": 220864096.51000002,
    "2022": 403239431.20000005,
    "2023": 349680779.49,
    "2024": 278696579.55,
    "2025": 347276716.21
  },
  "supplier_size_distribution": {
    "under_1k": 201,
    "1k_to_10k": 591,
    "10k_to_100k": 340,
    "100k_to_1m": 94,
    "over_1m": 10
  },
  "source": "v4_index",
  "chunks_sampled": 3
}