{
  "total_spend": 3685931518.21,
  "transaction_count": 753220,
  "unique_suppliers": 3295,
  "financial_years": [
    "2024/25",
    "2025/26"
  ],
  "top_suppliers": [
    [
      "NHS LANCASHIRE & SOUTH CUMBRIA ICB",
      45066294.0
    ],
    [
      "REDACTED",
      36072974.799999386
    ],
    [
      "LANCASHIRE RENEWABLES LTD",
      16251640.490000002
    ],
    [
      "LCCG INTERNAL CARE SUPPLIER",
      8800127.379999995
    ],
    [
      "CGL SERVICES LTD",
      7708635.49
    ],
    [
      "SUEZ RECYCLING & RECOVERY UK LTD",
      6462047.489999999
    ],
    [
      "GUARDIAN HOMECARE",
      5768595.950000001
    ],
    [
      "COMENSURA LTD",
      4605834.11
    ],
    [
      "MULTEVO LTD",
      4515554.96
    ],
    [
      "NPOWER COMMERCIAL GAS LTD",
      4305965.12
    ],
    [
      "HCRG CARE SERVICES LTD",
      4233214.0
    ],
    [
      "LANCASHIRE SCHOOLS SPC PHASE 1 LTD",
      3870364.7800000007
    ],
    [
      "ALTERNATIVE FUTURES GROUP LTD",
      3796237.5799999996
    ],
    [
      "RALPH LIVESEY LTD",
      3757963.6399999997
    ],
    [
      "DISABILITY EQUALITY (NW) LTD",
      3614915.829999999
    ],
    [
      "LOCAL PENSIONS PARTNERSHIP ADMINISTRATION LTD",
      3282212.6999999997
    ],
    [
      "BROTHERS OF CHARITY SERVICES",
      3255510.86
    ],
    [
      "LANCASHIRE WASTE RECYCLING",
      3004177.5700000003
    ],
    [
      "DOVEHAVEN CARE HOMES LTD",
      2898477.31
    ],
    [
      "ZURICH MUNICIPAL PLC",
      2633098.84
    ]
  ],
  "top_departments": [
    [
      "Unknown",
      471640891.9100167
    ]
  ],
  "top_payment_types": [
    [
      "Unknown",
      471640891.9100167
    ]
  ],
  "monthly_spend": {
    "2024-04": 221144476.79,
    "2024-05": 182930523.62,
    "2024-06": 138389328.16,
    "2024-07": 161002701.88,
    "2024-09": 188687229.94,
    "2024-10": 185583410.21,
    "2024-11": 203646123.39,
    "2024-12": 155165280.07,
    "2025-01": 182243508.12,
    "2025-02": 147498142.42,
    "2025-03": 210855685.14,
    "2025-04": 178371078.03,
    "2025-05": 170143770.59,
    "2025-06": 185696638.99,
    "2025-07": 217291635.6,
    "2025-08": 279194638.24,
    "2025-09": 206446455.11,
    "2025-10": 170949140.23,
    "2025-11": 132865174.03,
    "2025-12": 167826577.65
  },
  "year_totals": {
    "2024": 1436549074.0599997,
    "2025": 2249382444.1499996
  },
  "supplier_size_distribution": {
    "under_1k": 633,
    "1k_to_10k": 984,
    "10k_to_100k": 1006,
    "100k_to_1m": 602,
    "over_1m": 70
  },
  "source": "v4_index",
  "chunks_sampled": 3
}