{
  "total_spend": 355218405.44000375,
  "transaction_count": 30580,
  "unique_suppliers": 4485,
  "financial_years": [
    "2021/22",
    "2022/23",
    "2023/24",
    "2024/25",
    "2025/26"
  ],
  "top_suppliers": [
    [
      "LIBERATA UK LTD",
      36731554.21999999
    ],
    [
      "MAPLE GROVE DEVELOPMENTS LTD",
      30765355.970000003
    ],
    [
      "BARNFIELD INVESTMENT PROPERTIES LTD",
      29390416.07999999
    ],
    [
      "GELDARDS",
      20293226.43
    ],
    [
      "URBASER LTD",
      19477800.45
    ],
    [
      "LANCASHIRE CC - PRESTON COUNTY HALL",
      16830357.24
    ],
    [
      "BURNLEY LEISURE",
      12932594.290000001
    ],
    [
      "FCC ENVIRONMENT/URBASER LTD",
      8980299.219999999
    ],
    [
      "HISTORIC PROPERTY RESTORATION LTD",
      4593442.93
    ],
    [
      "BEACHCROFT LLP",
      4406071.19
    ],
    [
      "KRNS PROPERTIES LTD",
      4333575.35
    ],
    [
      "POST OFFICE LTD - PAYOUT FUND",
      3364836.0
    ],
    [
      "CALICO ENTERPRISE LTD",
      3311205.4599999995
    ],
    [
      "EDF ENERGY",
      3174195.53
    ],
    [
      "N I CONSTRUCTIONS NW LTD",
      3064438.550000001
    ],
    [
      "BURNLEY PENDLE & ROSSENDALE COUNCIL FOR",
      3062969.16
    ],
    [
      "ENVIRONMENT AGENCY",
      2929427.0
    ],
    [
      "CEMPLAS WATERPROOFING & CONCRETE REPAIRS LTD - GRO",
      2579586.8
    ],
    [
      "ARTHUR J GALLAGHER INSURANCE BROKERS LTD",
      2471163.440000001
    ],
    [
      "BRYAN LEE BUILDING CONTRACTORS LTD",
      2359806.9500000007
    ]
  ],
  "top_departments": [
    [
      "",
      137542805.16000003
    ],
    [
      "Planning & Transportation",
      58369593.4400002
    ],
    [
      "Environmental Services",
      35712722.460000016
    ],
    [
      "Legal & Democratic",
      35264028.11
    ],
    [
      "Regeneration & Housing",
      26488248.709999938
    ],
    [
      "Other",
      23757926.359999917
    ],
    [
      "Resources & Finance",
      20103842.85000002
    ],
    [
      "Chief Executive & Corporate",
      10037358.040000295
    ],
    [
      "Leisure & Culture",
      7941880.310000002
    ]
  ],
  "top_payment_types": [
    [
      "Unknown",
      355218405.44000375
    ]
  ],
  "monthly_spend": {
    "2024-03": 11304033.24000001,
    "2024-01": 5607983.380000003,
    "2024-02": 4776210.30000001,
    "2024-07": 8940767.970000012,
    "2024-08": 4917986.109999998,
    "2024-09": 6111210.300000004,
    "2022-07": 5596356.290000007,
    "2022-08": 4122856.7199999997,
    "2022-09": 6216815.870000002,
    "2023-11": 4029015.210000001,
    "2023-10": 8900274.709999999,
    "2023-12": 4954669.7299999995,
    "2021-04": 8306176.150000009,
    "2021-05": 6821941.230000001,
    "2021-06": 3938350.880000003,
    "2023-01": 8209490.110000004,
    "2023-02": 4641696.940000009,
    "2023-03": 9546992.61,
    "2025-03": 5829280.270000008,
    "2025-02": 4462568.860000008,
    "2025-01": 6129581.410000003,
    "2023-07": 5672200.590000003,
    "2023-08": 10358916.400000002,
    "2023-09": 5481412.030000004,
    "2025-06": 6926803.270000011,
    "2025-04": 5862821.770000004,
    "2025-05": 5085010.150000006,
    "2024-10": 7198246.900000008,
    "2024-11": 6717791.800000006,
    "2024-12": 7659603.150000008,
    "2022-10": 2174207.490000002,
    "2022-11": 3098482.0700000036,
    "2022-12": 3482920.670000001,
    "2021-07": 4449485.379999998,
    "2021-09": 3248603.320000002,
    "2021-08": 2555668.730000001,
    "2025-10": 5165557.450000007,
    "2025-11": 6177632.710000007,
    "2025-12": 3732144.8300000047,
    "2024-06": 10316133.390000002,
    "2024-05": 8336260.850000001,
    "2024-04": 5521144.020000012,
    "2022-04": 4921514.920000008,
    "2022-05": 6529050.4300000025,
    "2022-06": 4699798.330000009,
    "2022-01": 2964101.8600000013,
    "2022-02": 3632572.5800000005,
    "2022-03": 7450286.770000004,
    "2025-08": 5650390.550000014,
    "2025-07": 7502130.010000016,
    "2025-09": 5116081.940000012,
    "2023-05": 6435200.160000008,
    "2023-04": 7441343.130000001,
    "2023-06": 6805908.360000004,
    "2021-10": 23843400.69,
    "2021-11": 3104121.520000003,
    "2021-12": 5172697.590000007
  },
  "year_totals": {
    "2024": 87407371.41000007,
    "2022": 54888964.00000004,
    "2023": 82477119.98000002,
    "2021": 61440445.490000024,
    "2025": 67640003.22000009
  },
  "supplier_size_distribution": {
    "under_1k": 1921,
    "1k_to_10k": 1501,
    "10k_to_100k": 778,
    "100k_to_1m": 241,
    "over_1m": 44
  }
}