{
  "total_spend": 205858930.0599981,
  "transaction_count": 46711,
  "unique_suppliers": 2517,
  "financial_years": [
    "2019/20",
    "2020/21",
    "2021/22",
    "2022/23",
    "2023/24",
    "2024/25",
    "2025/26"
  ],
  "top_suppliers": [
    [
      "MAPLE GROVE DEVELOPMENTS",
      31542129.13
    ],
    [
      "LANCASHIRE COUNTY COUNCIL",
      28012500.609999992
    ],
    [
      "CONLON CONSTRUCTION LTD",
      10644869.290000003
    ],
    [
      "ERIC WRIGHT CIVIL ENGINEERING LTD",
      6678392.769999998
    ],
    [
      "ZURICH MUNICIPAL",
      5299388.8500000015
    ],
    [
      "MATRIX SCM LTD",
      4620372.749999975
    ],
    [
      "SOFTCAT LTD",
      4169434.8000000017
    ],
    [
      "PRESTON YOUTH ZONE LTD",
      3593422.0
    ],
    [
      "FAUN ZOELLER (UK) LTD",
      3208732.9700000007
    ],
    [
      "STANDARD FUEL OILS LTD",
      3105283.1199999996
    ],
    [
      "EDF ENERGY CUSTOMERS LTD - DD INVOICES",
      2834951.24
    ],
    [
      "COMMUNITY GATEWAY ASSOCIATION LTD",
      2762942.8
    ],
    [
      "BECK INTERIORS LTD",
      2039757.8899999997
    ],
    [
      "THE FOXTON CENTRE",
      1927269.5199999998
    ],
    [
      "VIVID RESOURCING LTD",
      1545227.2000000004
    ],
    [
      "CAPITA SOFTWARE SERVICES",
      1458226.4700000004
    ],
    [
      "RED ROSE RECOVERY LANCASHIRE",
      1373710.5599999998
    ],
    [
      "CRITIQOM LTD",
      1166411.569999998
    ],
    [
      "BROUGHTON IN AMOUNDERNESS PARISH COUNCIL",
      1162989.2000000002
    ],
    [
      "ARC CINEMA LIMITED - FAS PAY ONLY",
      1120000.0
    ]
  ],
  "top_departments": [
    [
      "CAP DEVELOPMENT",
      43886050.510000005
    ],
    [
      "REV CUSTOMER SERVICES",
      30920628.290000137
    ],
    [
      "REV ENVIRONMENT",
      28395274.410000052
    ],
    [
      "CAP CUSTOMER SERVICES",
      23361658.320000008
    ],
    [
      "REV DEVELOPMENT",
      19651856.37999994
    ],
    [
      "BALANCE SHEET",
      18302295.55999999
    ],
    [
      "CAP ENVIRONMENT",
      17942561.230000023
    ],
    [
      "REV CORPORATE SERVICES",
      8750504.760000017
    ],
    [
      "REV MISCELLANEOUS FINANCE",
      5721381.959999999
    ],
    [
      "CAP CHIEF EXECUTIVE",
      3256837.0099999984
    ]
  ],
  "top_payment_types": [
    [
      "Unknown",
      205858930.0599981
    ]
  ],
  "monthly_spend": {
    "2020-01": 1465929.8799999992,
    "2020-02": 2080126.65,
    "2020-03": 1563851.7799999998,
    "2019-04": 1502407.7799999996,
    "2019-05": 1715932.9699999995,
    "2019-06": 1206276.03,
    "2019-07": 1788134.6899999976,
    "2019-08": 1116415.8100000005,
    "2019-09": 2524278.6399999973,
    "2019-10": 1256661.3399999999,
    "2019-11": 869451.8700000003,
    "2019-12": 1406835.67,
    "2021-01": 473292.9399999998,
    "2021-02": 848993.3599999996,
    "2021-03": 1298242.1000000006,
    "2020-04": 1485969.100000001,
    "2020-05": 899866.63,
    "2020-06": 587041.9000000003,
    "2020-07": 1111365.0499999996,
    "2020-08": 686780.9299999997,
    "2020-09": 2016334.2000000002,
    "2020-10": 727712.7800000001,
    "2020-11": 1401304.5500000003,
    "2020-12": 1331039.1900000006,
    "2022-01": 1098779.7299999993,
    "2022-02": 1737864.2000000004,
    "2022-03": 1691009.3199999984,
    "2021-04": 1551257.6499999997,
    "2021-05": 935744.6899999994,
    "2021-06": 1501649.2200000018,
    "2021-07": 859094.8599999996,
    "2021-08": 2970688.17,
    "2021-09": 2136833.8399999994,
    "2021-10": 1189487.3200000015,
    "2021-11": 1026518.58,
    "2021-12": 961779.2800000004,
    "2023-01": 954811.5600000002,
    "2023-02": 2752946.730000001,
    "2023-03": 4588053.129999999,
    "2022-04": 2006100.9000000001,
    "2022-05": 1910690.1500000006,
    "2022-06": 1184776.5499999996,
    "2022-07": 1677695.5199999998,
    "2022-08": 1269462.62,
    "2022-09": 1942648.7499999998,
    "2022-10": 1861223.7700000012,
    "2022-11": 3944754.34,
    "2022-12": 2853770.3800000004,
    "2024-01": 4893241.249999997,
    "2024-02": 3284440.510000002,
    "2024-03": 3835177.2500000005,
    "2023-04": 5347324.04,
    "2023-05": 3179711.260000003,
    "2023-06": 2727661.049999997,
    "2023-07": 3092808.050000002,
    "2023-08": 3505051.190000003,
    "2023-09": 5261356.449999997,
    "2023-10": 6700969.219999997,
    "2023-11": 4042985.5999999996,
    "2023-12": 6231308.059999998,
    "2025-01": 2665086.1500000004,
    "2025-02": 2578822.699999998,
    "2025-03": 5052159.950000003,
    "2024-04": 4804649.109999999,
    "2024-05": 5926587.08000001,
    "2024-06": 4710783.150000003,
    "2024-07": 2485445.839999999,
    "2024-08": 2051711.8999999992,
    "2024-09": 3067679.0200000014,
    "2024-10": 3768929.72,
    "2024-11": 3667117.91,
    "2024-12": 1931561.6899999995,
    "2025-04": 4766418.29,
    "2025-05": 2870130.7899999996,
    "2025-06": 5727282.559999997,
    "2025-07": 5769585.530000004,
    "2025-08": 3477255.389999999,
    "2025-09": 2634972.2400000026,
    "2025-10": 3655397.5200000005,
    "2025-11": 3625132.8799999976,
    "2025-12": 2548299.6100000045
  },
  "year_totals": {
    "2020": 15357322.640000002,
    "2019": 13386394.799999995,
    "2021": 15753582.010000004,
    "2022": 23178776.23,
    "2023": 48384986.339999996,
    "2024": 44427324.43000001,
    "2025": 45370543.610000014
  },
  "supplier_size_distribution": {
    "under_1k": 585,
    "1k_to_10k": 1036,
    "10k_to_100k": 677,
    "100k_to_1m": 196,
    "over_1m": 23
  }
}