{
  "total_spend": 211308051.79000005,
  "transaction_count": 29804,
  "unique_suppliers": 2395,
  "financial_years": [
    "2016/17",
    "2017/18",
    "2018/19",
    "2019/20",
    "2020/21",
    "2021/22",
    "2022/23",
    "2023/24",
    "2024/25",
    "2025/26"
  ],
  "top_suppliers": [
    [
      "LANCASHIRE COUNTY COUNCIL (DIRECT DEBIT PAYMENTS)",
      72598235.05
    ],
    [
      "(DD) DEPARTMENT OF LEVELLING UP, HOUSING & COMM...",
      22697988.0
    ],
    [
      "ALLIANCE LEISURE SERVICES LTD",
      12647308.040000003
    ],
    [
      "(DD ONLY) RIBBLE VALLEY BOROUGH COUNCIL",
      7934151.0
    ],
    [
      "MORGAN SINDALL CONSTRUCTION & INFRASTRUCTURE LTD",
      6802277.68
    ],
    [
      "HYNDBURN LEISURE",
      5640577.119999997
    ],
    [
      "HM REVENUE & CUSTOMS (DIRECT DEBIT)",
      3543699.8400000003
    ],
    [
      "NATIONAL HIGHWAYS LTD",
      2192500.0
    ],
    [
      "ROSS LEE CONSTRUCTION LTD",
      2183283.26
    ],
    [
      "SPECIALIST FLEET SERVICES LTD",
      1875218.8099999996
    ],
    [
      "LANCASHIRE COUNTY COUNCIL",
      1617150.6600000006
    ],
    [
      "EDF ENERGY",
      1314338.9100000001
    ],
    [
      "KEEPMOAT HOMES",
      1245156.0
    ],
    [
      "MGB PLASTICS",
      1136399.7999999998
    ],
    [
      "OYSTER PARTNERSHIP",
      1072142.659999998
    ],
    [
      "JOHN WADE GROUNDWORKS LTD",
      1056953.83
    ],
    [
      "KROL CORLETT CONSTRUCTION LTD",
      1039700.6400000001
    ],
    [
      "EDF ENERGY - 9044031649 CONSOLIDATED INVOICE",
      972536.3799999993
    ],
    [
      "ARCADIS CONSULTING (UK) LTD",
      948583.92
    ],
    [
      "CIVICA UK LTD",
      925819.0299999999
    ]
  ],
  "top_departments": [
    [
      "Resources & Finance",
      119032594.66000009
    ],
    [
      "Environmental Services",
      34785571.919999994
    ],
    [
      "Regeneration & Housing",
      31485286.5200001
    ],
    [
      "Other",
      17271932.680000015
    ],
    [
      "Legal & Democratic",
      3633578.790000001
    ],
    [
      "Planning & Transportation",
      2941379.989999991
    ],
    [
      "Environmental Health",
      2157707.2299999967
    ]
  ],
  "top_payment_types": [
    [
      "Unknown",
      211308051.79000005
    ]
  ],
  "monthly_spend": {
    "2017-01": 538272.19,
    "2017-02": 513529.55999999994,
    "2017-03": 568545.3099999999,
    "2017-04": 1016440.97,
    "2017-05": 766644.9699999996,
    "2017-06": 521027.8100000002,
    "2017-07": 1330223.1599999997,
    "2017-08": 300293.0300000002,
    "2017-09": 503965.9200000001,
    "2017-10": 508950.76000000007,
    "2017-11": 359477.77,
    "2017-12": 383866.9599999999,
    "2018-01": 725029.22,
    "2018-02": 425471.73999999976,
    "2018-03": 1042764.5099999999,
    "2018-04": 827908.32,
    "2018-05": 1168940.8399999999,
    "2018-06": 1161397.5499999998,
    "2018-07": 1274882.740000001,
    "2018-08": 681036.9399999998,
    "2018-09": 323735.54999999993,
    "2018-10": 566448.9999999997,
    "2018-11": 566298.7000000001,
    "2018-12": 464204.98999999993,
    "2019-12": 635906.6500000001,
    "2019-01": 508497.95999999996,
    "2019-02": 590277.0499999996,
    "2019-03": 538715.95,
    "2019-04": 494971.6600000002,
    "2019-05": 409081.7099999999,
    "2019-06": 946325.0400000004,
    "2019-07": 537489.25,
    "2019-08": 795.28,
    "2019-09": 550424.4,
    "2019-10": 694396.0299999999,
    "2019-11": 487160.60999999975,
    "2020-01": 496371.45000000007,
    "2020-02": 409383.1099999999,
    "2020-03": 703849.7899999999,
    "2020-04": 677216.9599999997,
    "2020-05": 413131.8299999999,
    "2020-06": 740075.5699999996,
    "2020-07": 1669679.9900000012,
    "2020-08": 489287.30000000005,
    "2020-09": 606962.5900000004,
    "2020-11": 495286.64999999985,
    "2020-10": 713643.5800000004,
    "2020-12": 594832.5099999997,
    "2021-01": 586964.44,
    "2021-12": 565079.4500000003,
    "2021-02": 4688.84,
    "2021-03": 1734669.31,
    "2021-04": 605589.9200000003,
    "2021-05": 913539.0500000002,
    "2021-06": 1036876.8400000005,
    "2021-07": 1021136.3499999999,
    "2021-08": 763132.4500000003,
    "2021-09": 1056597.7099999997,
    "2021-10": 434137.39999999985,
    "2021-11": 727678.8299999996,
    "2022-01": 1452211.5900000003,
    "2022-12": 894620.8200000001,
    "2022-02": 500427.7199999999,
    "2022-03": 1467878.4799999997,
    "2022-04": 1039617.3900000001,
    "2022-05": 982879.0399999999,
    "2022-06": 978260.0899999995,
    "2022-07": 712678.6899999997,
    "2022-08": 976835.9099999998,
    "2022-09": 10034.93,
    "2022-10": 740490.3699999995,
    "2022-11": 8839.52,
    "2023-01": 800949.65,
    "2023-02": 4948.84,
    "2023-03": 6569.34,
    "2023-06": 1645.0,
    "2023-07": 1253899.1999999997,
    "2023-09": 1077873.75,
    "2023-08": 3136.1600000000003,
    "2023-10": 6165.0,
    "2023-11": 1358905.9499999997,
    "2023-12": 689.5,
    "2024-01": 1797498.4900000005,
    "2024-02": 2394.32,
    "2024-03": 3412279.6700000004,
    "2024-04": 2639411.519999998,
    "2024-05": 11097813.300000003,
    "2024-06": 8001201.380000009,
    "2024-07": 10644785.109999996,
    "2024-08": 8249063.950000006,
    "2024-09": 11485423.02999999,
    "2024-10": 8005737.710000005,
    "2024-11": 9248046.030000001,
    "2024-12": 1621096.5900000005,
    "2025-01": 9859056.510000002,
    "2025-02": 8913572.37999999,
    "2025-06": 10731995.209999999,
    "2025-07": 10189352.360000005,
    "2025-08": 10406160.66,
    "2025-10": 10921763.999999993,
    "2025-11": 7794609.53,
    "2025-12": 2132003.199999999,
    "2026-01": 9482017.88
  },
  "year_totals": {
    "2017": 7311238.409999999,
    "2018": 9228120.1,
    "2019": 6394041.59,
    "2020": 8009721.33,
    "2021": 9450090.590000002,
    "2022": 9764774.549999997,
    "2023": 4514782.39,
    "2024": 76204751.10000001,
    "2025": 70948513.85,
    "2026": 9482017.88
  },
  "supplier_size_distribution": {
    "under_1k": 674,
    "1k_to_10k": 1008,
    "10k_to_100k": 545,
    "100k_to_1m": 151,
    "over_1m": 17
  }
}