{
  "total_spend": 185660131.69000012,
  "transaction_count": 32574,
  "unique_suppliers": 2088,
  "financial_years": [
    "2021/22",
    "2022/23",
    "2023/24",
    "2024/25",
    "2025/26"
  ],
  "top_suppliers": [
    [
      "PRESTON CITY COUNCIL",
      9977696.79
    ],
    [
      "NPOWER COMMERCIAL GAS LTD",
      6510134.9599999925
    ],
    [
      "WEST DUNBARTONSHIRE COUNCIL",
      5000000.0
    ],
    [
      "LANCASHIRE COUNTY COUNCIL",
      4116341.070000001
    ],
    [
      "EMCOR GROUP (UK) PLC",
      4086641.3200000008
    ],
    [
      "EDEN PROJECT MORECAMBE LTD",
      3506759.9499999997
    ],
    [
      "BRABNERS LLP",
      3503724.4400000004
    ],
    [
      "HUGH LS MCCONNELL LTD",
      3099286.9100000006
    ],
    [
      "WESTHOUGHTON R&P SERVICES LTD T/A WRPS",
      3016172.4099999997
    ],
    [
      "BTB JOINERY LTD",
      2560808.789999999
    ],
    [
      "STANDARD FUEL OILS LTD",
      2366170.42
    ],
    [
      "WILLIS LTD",
      2365222.58
    ],
    [
      "PHOENIX SOFTWARE LTD",
      2351715.64
    ],
    [
      "TF JONES PROPERTY SERVICES LTD",
      2269170.2999999975
    ],
    [
      "CORONA ENERGY",
      2200548.99
    ],
    [
      "CPA BESPOKE JOINERY LTD",
      2197101.98
    ],
    [
      "PININGTON LTD",
      2140348.49
    ],
    [
      "EMCOR FACILITIES SERVICES LTD",
      2126195.13
    ],
    [
      "IVEGATE LTD",
      2098744.74
    ],
    [
      "RHEA PROJECTS LTD",
      1905566.1900000004
    ]
  ],
  "top_departments": [
    [
      "Environmental Services",
      33996426.11000006
    ],
    [
      "Health & Housing",
      21156330.619999953
    ],
    [
      "Resources",
      20047487.410000037
    ],
    [
      "ENVIRONMENT AND PLACE",
      17859918.999999974
    ],
    [
      "RESOURCES",
      15995578.149999995
    ],
    [
      "Regeneration and Planning",
      11790563.68000001
    ],
    [
      "HOUSING AND PROPERTY",
      9386746.590000002
    ],
    [
      "PLANNING AND CLIMATE CHANGE",
      8539846.089999996
    ],
    [
      "PROPERTY",
      7988201.260000007
    ],
    [
      "Housing & Property",
      6476613.959999992
    ]
  ],
  "top_payment_types": [
    [
      "Unknown",
      185660131.69000012
    ]
  ],
  "monthly_spend": {
    "2025-04": 3237936.1100000027,
    "2025-05": 4774121.200000001,
    "2025-06": 3624319.060000003,
    "2025-07": 4331721.43,
    "2025-08": 2435645.580000001,
    "2025-09": 3352600.5200000005,
    "2023-04": 2860218.6099999994,
    "2023-05": 3117301.4199999995,
    "2023-06": 2849716.899999999,
    "2021-06": 2912187.5199999996,
    "2021-04": 2978182.4400000004,
    "2021-05": 1889859.26,
    "2024-06": 2894182.8999999976,
    "2024-04": 4342328.589999999,
    "2024-05": 8146104.309999999,
    "2022-02": 1963315.0300000012,
    "2022-03": 3808159.3000000007,
    "2022-01": 2057468.8400000008,
    "2023-01": 3286589.4899999974,
    "2023-02": 3477070.3199999994,
    "2023-03": 4090257.16,
    "2024-01": 4236405.289999999,
    "2024-03": 4900494.409999995,
    "2024-02": 3493821.46,
    "2025-01": 6878167.900000003,
    "2025-02": 7203460.759999993,
    "2025-03": 9229741.560000017,
    "2022-07": 3582473.1900000023,
    "2022-08": 2901417.7499999963,
    "2022-09": 2214589.34,
    "2023-08": 3930634.2400000007,
    "2023-09": 4308386.83,
    "2023-07": 2678815.4000000004,
    "2024-07": 4514488.93,
    "2024-09": 2364351.6199999996,
    "2024-08": 3469566.759999995,
    "2021-07": 5367399.240000003,
    "2021-08": 2021437.1200000003,
    "2021-09": 3803467.8400000026,
    "2022-10": 2890703.079999999,
    "2022-12": 2364941.0900000003,
    "2022-11": 3193633.6700000004,
    "2023-10": 3335857.88,
    "2023-11": 3350005.2800000003,
    "2023-12": 2500498.06,
    "2021-10": 2836018.73,
    "2021-11": 1896419.1399999992,
    "2021-12": 1994847.3,
    "2024-10": 4820892.73,
    "2024-12": 4600491.41,
    "2024-11": 2347417.6899999995
  },
  "year_totals": {
    "2025": 45067714.12000002,
    "2023": 39785351.59,
    "2021": 25699818.590000007,
    "2024": 50130546.09999998,
    "2022": 24976701.290000003
  },
  "supplier_size_distribution": {
    "under_1k": 231,
    "1k_to_10k": 956,
    "10k_to_100k": 636,
    "100k_to_1m": 228,
    "over_1m": 37
  }
}