{
  "total_spend": 332873972.2000013,
  "transaction_count": 43063,
  "unique_suppliers": 4614,
  "financial_years": [
    "2016/17",
    "2017/18",
    "2018/19",
    "2019/20",
    "2020/21",
    "2021/22",
    "2022/23",
    "2023/24",
    "2024/25",
    "2025/26"
  ],
  "top_suppliers": [
    [
      "WATES PROPERTY SERVICES LTD",
      29395838.39
    ],
    [
      "TAWD VALLEY DEVELOPMENTS LTD",
      21010185.730000004
    ],
    [
      "LANCASHIRE COUNTY COUNCIL",
      16472343.430000009
    ],
    [
      "A CONNOLLY LTD",
      13168431.82
    ],
    [
      "PWLB",
      9200195.08
    ],
    [
      "ST MODWEN",
      8096600.72
    ],
    [
      "RIVERSIDE TRUCK RENTAL LTD",
      7346524.08
    ],
    [
      "RIBBLE VALLEY BOROUGH COUNCIL",
      6648381.55
    ],
    [
      "HEAT 2000 LTD",
      5247248.119999995
    ],
    [
      "ALLIANCE LEISURE SERVICES",
      4856356.460000001
    ],
    [
      "SUSTAINABLE BUILDING SERVICES (UK) LTD",
      4802202.25
    ],
    [
      "GO PLANT FLEET SERVICES",
      4793447.349999993
    ],
    [
      "PUBLIC WORKS LOAN BOARD",
      4585480.29
    ],
    [
      "UNKNOWN",
      4169150.7799999993
    ],
    [
      "MATRIX SCM LTD",
      4166138.5600000387
    ],
    [
      "ZURICH MUNICIPAL INSURANCE",
      4048989.2199999997
    ],
    [
      "DLP SERVICES NORTHERN LTD",
      4013625.950000004
    ],
    [
      "DIGITAL SERVICES LANCASHIRE COUNTY COUNCIL",
      3645857.1999999974
    ],
    [
      "CARROLL BUILD",
      3563480.0099999993
    ],
    [
      "SAVILLS (UK) LTD",
      3332610.46
    ]
  ],
  "top_departments": [
    [
      "Housing Revenue Account",
      109437670.08999997
    ],
    [
      "Coronavirus business grants",
      21008700.0
    ],
    [
      "Other Service Items",
      20266943.270000003
    ],
    [
      "Environmental Services",
      17963732.530000042
    ],
    [
      "",
      17099813.120000012
    ],
    [
      "Housing Public Sector",
      16847713.620000005
    ],
    [
      "Corporate and Customer Services",
      15307949.419999996
    ],
    [
      "Corporate Services",
      13735324.810000002
    ],
    [
      "Housing and Inclusion",
      12609538.630000046
    ],
    [
      "Non Service Items",
      11593082.77
    ]
  ],
  "top_payment_types": [
    [
      "Unknown",
      332873972.2000013
    ]
  ],
  "monthly_spend": {
    "2017-01": 2023328.2899999998,
    "2017-02": 1921378.3000000005,
    "2017-03": 4658380.929999996,
    "2017-04": 1881624.7000000004,
    "2017-05": 2352182.7800000003,
    "2017-06": 2552411.579999999,
    "2017-07": 2198205.18,
    "2017-08": 1784373.6300000004,
    "2017-09": 3171938.9199999985,
    "2017-10": 1899614.6200000008,
    "2017-11": 2166955.7400000016,
    "2017-12": 2141253.73,
    "2018-01": 1576890.420000001,
    "2018-02": 2420014.34,
    "2018-03": 4721563.289999999,
    "2018-04": 2093056.0000000002,
    "2018-05": 2724217.4800000004,
    "2018-06": 2402519.929999998,
    "2018-07": 3222577.889999994,
    "2018-08": 2447481.62,
    "2018-09": 4475728.800000001,
    "2018-10": 3290999.3799999957,
    "2018-11": 3328673.4000000004,
    "2018-12": 3234377.2199999993,
    "2019-01": 2627917.9000000004,
    "2019-02": 2443425.150000001,
    "2019-03": 5926231.049999998,
    "2019-04": 3012908.63,
    "2019-05": 2650525.200000001,
    "2019-06": 2850292.08,
    "2019-07": 2512457.9799999977,
    "2019-08": 1483388.9099999992,
    "2019-09": 1618543.949999999,
    "2020-01": 1601210.7299999995,
    "2020-02": 2130455.1900000004,
    "2020-03": 5243481.019999999,
    "2020-04": 16630555.589999996,
    "2020-05": 4735562.53,
    "2020-06": 5597637.77,
    "2020-07": 2912955.2900000005,
    "2020-08": 2186642.639999999,
    "2020-09": 4361409.44,
    "2020-10": 2937487.339999999,
    "2020-11": 3920046.6500000004,
    "2020-12": 2754239.6300000004,
    "2021-01": 6136370.870000009,
    "2021-02": 2729607.7099999986,
    "2021-03": 6946043.070000001,
    "2021-04": 4879129.800000002,
    "2021-05": 6743090.360000001,
    "2021-06": 5477592.959999999,
    "2021-11": 5382981.630000003,
    "2021-10": 2491447.1300000004,
    "2021-09": 2894990.8000000003,
    "2021-12": 2467955.630000001,
    "2022-04": 3793327.9500000016,
    "2022-05": 4542459.209999997,
    "2022-06": 2521827.030000001,
    "2022-12": 1566022.9499999997,
    "2022-10": 3899960.499999999,
    "2022-11": 2537834.75,
    "2022-09": 1703070.8399999999,
    "2023-01": 3456558.1599999983,
    "2023-03": 6439028.03,
    "2023-02": 1654719.8599999987,
    "2023-04": 4386152.420000003,
    "2023-05": 3874270.450000002,
    "2023-06": 4223484.109999997,
    "2023-07": 4297987.27,
    "2023-08": 3020880.64,
    "2023-09": 3586310.9699999997,
    "2023-10": 3437525.0000000023,
    "2023-11": 2731140.5500000003,
    "2023-12": 2668955.950000002,
    "2024-01": 4087094.779999995,
    "2024-02": 3480199.9599999995,
    "2024-03": 5493278.240000006,
    "2024-06": 1893001.4400000006,
    "2024-04": 1964993.4200000004,
    "2024-05": 2138615.6799999983,
    "2024-07": 3350638.1999999993,
    "2024-08": 2816621.700000001,
    "2024-09": 5485107.62,
    "2025-03": 7068799.100000002,
    "2025-01": 3549668.95,
    "2025-02": 4610408.209999999,
    "2025-04": 4032613.12,
    "2025-05": 6526601.800000002,
    "2025-06": 5608792.949999999,
    "2025-12": 4348065.309999997,
    "2025-10": 5329114.3199999975,
    "2025-11": 3483912.6499999994,
    "2025-09": 2287219.8399999994,
    "2025-08": 1375.47
  },
  "year_totals": {
    "2017": 28751648.399999995,
    "2018": 35938099.76999999,
    "2019": 25125690.849999994,
    "2020": 55011683.81999999,
    "2021": 46149209.960000016,
    "2022": 20564503.229999997,
    "2023": 43777013.41,
    "2024": 30709551.040000003,
    "2025": 46846571.71999999
  },
  "supplier_size_distribution": {
    "under_1k": 351,
    "1k_to_10k": 1391,
    "10k_to_100k": 2607,
    "100k_to_1m": 214,
    "over_1m": 51
  }
}