{
  "total_spend": 4068892915.8599997,
  "transaction_count": 630914,
  "unique_suppliers": 1722,
  "financial_years": [
    "2019/20",
    "2020/21",
    "2021/22",
    "2022/23",
    "2023/24",
    "2024/25",
    "2025/26"
  ],
  "top_suppliers": [
    [
      "WEST MIDLANDS COMBINED AUTHORITY",
      20693150.68
    ],
    [
      "SOUTH YORKSHIRE MAYORAL COMBINED AUTHORITY",
      13278734.25
    ],
    [
      "POLICE AND CRIME COMMISSIONER FOR WEST MIDLANDS",
      12167079.45
    ],
    [
      "SHEFFIELD CITY COUNCIL - CHAPS PAYMENT",
      10229369.86
    ],
    [
      "POLICE & CRIME COMMISSIONER FOR SUSSEX",
      10213082.19
    ],
    [
      "LANCASHIRE COUNTY COUNCIL",
      9725258.280000001
    ],
    [
      "REDACTED",
      9482136.85000002
    ],
    [
      "MUSE PLACES LTD",
      8052538.96
    ],
    [
      "ENVECO BLACKPOOL WASTE SERVICES LTD",
      6197183.42
    ],
    [
      "BLACKPOOL COASTAL HOUSING",
      5662092.430000001
    ],
    [
      "LANCASHIRE COUNTY COUNCIL - DIRECT DEBIT ONLY - DO NOT USE",
      5311293.35
    ],
    [
      "EAST SUSSEX COUNTY COUNCIL",
      5156273.97
    ],
    [
      "BLACKBURN WITH DARWEN BC",
      5122842.49
    ],
    [
      "EAST RIDING OF YORKSHIRE COUNCIL",
      5121616.44
    ],
    [
      "COMHAIRLE NAN EILEAN SIAR",
      5116575.34
    ],
    [
      "TENDRING DISTRICT COUNCIL",
      5104602.74
    ],
    [
      "WEST YORKSHIRE COMBINED AUTHORITY",
      5094356.16
    ],
    [
      "CRAWLEY BOROUGH COUNCIL",
      5070767.12
    ],
    [
      "BRENTWOOD BOROUGH COUNCIL",
      5070191.78
    ],
    [
      "NHS BLACKPOOL & NHS LANCS & SOUTH CUMBRIA ICB",
      4354900.99
    ]
  ],
  "top_departments": [
    [
      "Unknown",
      275163494.49000216
    ]
  ],
  "top_payment_types": [
    [
      "Unknown",
      275163494.49000216
    ]
  ],
  "monthly_spend": {
    "2019-04": 22891025.64,
    "2019-05": 23662711.39,
    "2019-06": 22846243.06,
    "2019-07": 21112.24,
    "2019-08": 19992735.11,
    "2019-09": 19278075.99,
    "2019-10": 23598721.66,
    "2019-11": 19670846.17,
    "2019-12": 22982012.96,
    "2020-01": 24037230.5,
    "2020-02": 32524942.11,
    "2020-03": 28343729.8,
    "2020-04": 22440986.16,
    "2020-05": 21186581.44,
    "2020-06": 24929080.44,
    "2020-07": 24308830.59,
    "2020-08": 26568685.75,
    "2020-09": 23065999.7,
    "2020-10": 25823769.01,
    "2020-11": 26095473.09,
    "2020-12": 29498465.15,
    "2021-01": 46104523.19,
    "2021-02": 29214399.76,
    "2021-03": 42495982.09,
    "2021-04": 44344522.08,
    "2021-05": 31275777.94,
    "2021-06": 17376782.79,
    "2021-07": 28768716.5,
    "2021-08": 22071784.33,
    "2021-09": 23821611.76,
    "2021-10": 29719818.92,
    "2021-11": 34708583.25,
    "2021-12": 36122797.01,
    "2022-01": 28557542.2,
    "2022-02": 32924673.06,
    "2022-03": 41357105.71,
    "2022-04": 28985418.14,
    "2022-05": 33787696.95,
    "2022-06": 32007726.84,
    "2022-07": 33602604.93,
    "2022-08": 36953451.01,
    "2022-09": 33617377.63,
    "2022-10": 36833159.18,
    "2022-11": 37843175.16,
    "2022-12": 27457786.12,
    "2023-01": 21236014.23,
    "2023-02": 28441846.25,
    "2023-03": 62772670.3,
    "2023-04": 71625170.83,
    "2023-05": 86649691.82,
    "2023-07": 58536856.5,
    "2023-08": 67215459.41,
    "2023-09": 60950604.58,
    "2023-10": 102186031.83,
    "2024-03": 128551779.69,
    "2024-04": 74963881.81,
    "2024-05": 87689534.93,
    "2024-06": 96346072.2,
    "2024-07": 118055628.82,
    "2024-08": 125378085.79,
    "2024-09": 180990400.17,
    "2024-10": 68407303.41,
    "2024-11": 97804957.61,
    "2024-12": 96017762.04,
    "2025-01": 114255321.31,
    "2025-02": 73051328.45,
    "2025-03": 55219777.84,
    "2025-04": 90484777.03,
    "2025-05": 112124305.8,
    "2025-06": 81016040.8,
    "2025-07": 99021214.92,
    "2025-08": 74957456.59,
    "2025-09": 115231015.69,
    "2025-10": 70828156.21,
    "2025-11": 106324701.15,
    "2025-12": 72998249.84,
    "2026-01": 95840543.5
  },
  "year_totals": {
    "2019": 174943484.22,
    "2020": 308823773.73999995,
    "2021": 386025299.62,
    "2022": 403927716.93000007,
    "2023": 559614345.75,
    "2024": 1074205406.47,
    "2025": 1065512345.6300001,
    "2026": 95840543.5
  },
  "supplier_size_distribution": {
    "under_1k": 330,
    "1k_to_10k": 672,
    "10k_to_100k": 475,
    "100k_to_1m": 201,
    "over_1m": 44
  },
  "source": "v4_index",
  "chunks_sampled": 3
}