{
  "total_spend": 683029967.38,
  "transaction_count": 51092,
  "unique_suppliers": 1563,
  "financial_years": [
    "2017/18",
    "2019/20",
    "2020/21",
    "2021/22",
    "2022/23",
    "2023/24",
    "2024/25",
    "2025/26"
  ],
  "top_suppliers": [
    [
      "LANCASHIRE COUNTY COUNCIL",
      326454874.8200001
    ],
    [
      "DEPARTMENT FOR COMMUNITIES AND LOCAL GOVERNMENT",
      116297706.0
    ],
    [
      "UNKNOWN",
      81558677.35000002
    ],
    [
      "BALFOUR BEATTY CIVIL ENGINEERING LTD",
      39152037.3
    ],
    [
      "LANCASHIRE FIRE AUTHORITY",
      19858502.630000003
    ],
    [
      "VEOLIA ES (UK) LTD",
      16711605.130000008
    ],
    [
      "F PARKINSON LTD",
      5728382.74
    ],
    [
      "POLICE AND CRIME COMMISSIONER FOR LANCASHIRE",
      4283397.790000001
    ],
    [
      "FYLDE COAST YMCA",
      3515397.7800000007
    ],
    [
      "ASSOCIATED BRITISH PORTS",
      2783732.71
    ],
    [
      "R DEVELOPMENTS LTD T/A ROSSLEE CONSTRUCTION",
      2036065.9499999997
    ],
    [
      "WATER PLUS LTD",
      1819698.0899999943
    ],
    [
      "FLEETWOOD TOWN COUNCIL",
      1649786.44
    ],
    [
      "CORONA ENERGY RETAIL 4 LTD",
      1618108.789999998
    ],
    [
      "DANFO (UK) LTD",
      1523315.1999999993
    ],
    [
      "ONE51 ES PLASTICS (UK) LTD T/A MGB PLASTICS LTD",
      1214240.28
    ],
    [
      "HUGGG LTD",
      1171007.5
    ],
    [
      "STANDARD FUEL OILS",
      1160815.6500000001
    ],
    [
      "BLACKPOOL COUNCIL",
      1140344.24
    ],
    [
      "PHOENIX SOFTWARE LTD",
      1132949.56
    ]
  ],
  "top_departments": [
    [
      "Finance",
      510394308.7600001
    ],
    [
      "People and Places",
      95733711.9199987
    ],
    [
      "Resources",
      76893946.69999968
    ],
    [
      "Transformation",
      8000.0
    ]
  ],
  "top_payment_types": [
    [
      "Unknown",
      683029967.38
    ]
  ],
  "monthly_spend": {
    "2017-04": 16011156.76,
    "2017-07": 8737196.659999995,
    "2017-06": 9252009.44000002,
    "2017-05": 16916621.02999998,
    "2017-08": 8997376.549999995,
    "2017-10": 9193351.120000012,
    "2018-02": 8746672.419999998,
    "2019-09": 8677960.71999999,
    "2019-11": 9177710.510000011,
    "2020-05": 29913144.359999977,
    "2020-01": 11683633.970000004,
    "2020-02": 8832459.370000012,
    "2020-03": 10375691.639999999,
    "2020-04": 8355148.640000012,
    "2020-06": 1332196.8199999994,
    "2020-07": 2871691.9400000037,
    "2020-09": 8891876.910000011,
    "2020-10": 17881326.77999996,
    "2020-11": 3296405.160000005,
    "2021-03": 11430960.780000003,
    "2021-04": 8399211.610000001,
    "2021-06": 3110690.739999998,
    "2021-07": 9866107.759999981,
    "2021-08": 9232541.690000007,
    "2021-12": 3339299.95,
    "2022-01": 7746200.909999995,
    "2022-02": 10169980.769999994,
    "2022-03": 21955352.600000054,
    "2022-04": 2732567.249999999,
    "2022-05": 4379700.009999995,
    "2022-08": 4114694.600000002,
    "2023-01": 34328691.220000006,
    "2023-02": 20875251.69,
    "2023-03": 13470709.260000017,
    "2023-04": 29866495.819999997,
    "2023-06": 12239019.26999999,
    "2023-07": 11364522.680000005,
    "2023-08": 12405758.399999999,
    "2023-09": 12092912.350000013,
    "2023-10": 12141321.53,
    "2023-11": 12724583.0,
    "2024-01": 13207640.720000014,
    "2024-03": 14657008.939999994,
    "2024-07": 13868491.779999988,
    "2024-02": 40120.0,
    "2023-05": 90947.67,
    "2024-04": 995.0,
    "2023-12": 195.0,
    "2024-09": 13147538.38,
    "2024-11": 13117306.25999999,
    "2024-12": 4103005.2099999967,
    "2025-01": 14345091.170000002,
    "2025-02": 15471452.839999998,
    "2025-03": 17033819.329999976,
    "2025-04": 11433156.639999999,
    "2025-09": 12812483.889999999,
    "2025-07": 14284728.619999995,
    "2025-08": 3551148.1,
    "2025-11": 22972268.33999997,
    "2025-10": 14063466.450000042,
    "2025-12": 677427.8400000001,
    "2025-05": 13223012.179999975,
    "2025-06": 3798458.3300000005
  },
  "year_totals": {
    "2017": 69107711.56,
    "2018": 8746672.419999998,
    "2019": 17855671.23,
    "2020": 103433575.58999997,
    "2021": 45378812.529999994,
    "2022": 51098496.140000045,
    "2023": 171600407.89000005,
    "2024": 72142106.28999998,
    "2025": 143666513.72999996
  },
  "supplier_size_distribution": {
    "under_1k": 212,
    "1k_to_10k": 729,
    "10k_to_100k": 477,
    "100k_to_1m": 125,
    "over_1m": 20
  }
}