{
  "total_spend": 38571347.75000009,
  "transaction_count": 13723,
  "unique_suppliers": 1282,
  "financial_years": [
    "2021/22",
    "2022/23",
    "2023/24",
    "2024/25",
    "2025/26"
  ],
  "top_suppliers": [
    [
      "LANCASHIRE COUNTY COUNCIL",
      2846797.4700000007
    ],
    [
      "DEPARTMENT FOR BUSINESS ENERGY AND INDUSTRIAL STR",
      1971368.0
    ],
    [
      "ZURICH INSURANCE COMPANY",
      1598739.4799999953
    ],
    [
      "RIBBLE VALLEY BOROUGH COUNCIL",
      1538543.9700000002
    ],
    [
      "DENNIS EAGLE LTD",
      1260105.3000000005
    ],
    [
      "NPOWER LTD",
      1063257.9900000007
    ],
    [
      "CIVICA UK LTD",
      880203.4000000001
    ],
    [
      "CORONA ENERGY RETAIL 2 LTD",
      812867.7199999995
    ],
    [
      "REDACTED PERSONAL DATA",
      791909.56
    ],
    [
      "HUGGG LTD",
      788415.0
    ],
    [
      "WATER PLUS LTD",
      673152.1700000004
    ],
    [
      "GRANT THORNTON UK LLP",
      589839.0
    ],
    [
      "STANLEY BROTHERS TIPPERS LTD",
      564760.59
    ],
    [
      "CERTAS ENERGY UK LTD T/A TOWNSON BROS",
      470266.0000000001
    ],
    [
      "PRINT IMAGE NETWORK LTD",
      468007.0199999999
    ],
    [
      "BARROW PARISH COUNCIL",
      429090.88999999996
    ],
    [
      "ROYAL MAIL GROUP PLC",
      412686.1199999999
    ],
    [
      "EURO MUNICIPAL LTD",
      411095.0
    ],
    [
      "PROFILE SECURITY SERVICES LTD",
      405653.8900000001
    ],
    [
      "NEC SOFTWARE SOLUTIONS UK LTD",
      389827.31
    ]
  ],
  "top_departments": [
    [
      "Community Capital",
      6081652.7
    ],
    [
      "Central Services to the Public",
      5782028.349999998
    ],
    [
      "Cultural and Related Services",
      5238494.570000008
    ],
    [
      "Highways and Transport",
      5158315.540000005
    ],
    [
      "Departments recharged out",
      3652736.2600000035
    ],
    [
      "Environmental and Regulatory",
      3448786.4499999946
    ],
    [
      "Housing General Fund Capital",
      3194572.4399999995
    ],
    [
      "Corporate and Democratic Core",
      2438121.5500000007
    ],
    [
      "Planning and Development Servi",
      1208860.2899999996
    ],
    [
      "Housing General Fund",
      911272.8500000001
    ]
  ],
  "top_payment_types": [
    [
      "Unknown",
      38571347.75000009
    ]
  ],
  "monthly_spend": {
    "2021-04": 697400.2200000003,
    "2021-05": 629764.5600000002,
    "2021-06": 361649.11,
    "2021-07": 275464.0299999999,
    "2021-08": 422117.8300000001,
    "2021-09": 427229.62999999936,
    "2021-10": 1561145.2299999993,
    "2021-11": 689305.4699999999,
    "2021-12": 301930.18000000005,
    "2022-01": 695588.2599999998,
    "2022-02": 390474.6700000001,
    "2022-03": 575376.24,
    "2022-04": 606826.26,
    "2022-05": 383314.74999999994,
    "2022-06": 323944.05,
    "2022-07": 343554.1400000001,
    "2022-08": 1017296.7900000013,
    "2022-09": 621865.2700000001,
    "2022-10": 310073.34,
    "2022-11": 478587.36000000004,
    "2022-12": 393682.73,
    "2023-01": 718630.43,
    "2023-02": 461546.8900000001,
    "2023-03": 977492.6400000002,
    "2023-04": 731050.4300000002,
    "2023-05": 453892.07000000024,
    "2023-06": 503954.5300000001,
    "2023-07": 507402.94000000024,
    "2023-08": 484396.99000000017,
    "2023-09": 491640.69,
    "2023-10": 631724.6100000002,
    "2023-11": 839233.5300000012,
    "2023-12": 759968.6400000005,
    "2024-01": 908640.8300000002,
    "2024-02": 506916.7999999998,
    "2024-03": 646283.9299999997,
    "2024-04": 1058450.12,
    "2024-05": 534481.7499999999,
    "2024-11": 693245.6399999999,
    "2024-12": 830549.7400000002,
    "2024-09": 770515.91,
    "2024-07": 437300.41000000027,
    "2025-01": 2092071.7999999945,
    "2025-04": 975428.8799999998,
    "2024-06": 596655.4999999999,
    "2025-02": 1557263.5400000005,
    "2024-10": 518843.91999999975,
    "2025-03": 1603129.2900000012,
    "2024-08": 639337.0100000002,
    "2025-05": 555595.2199999999,
    "2025-06": 609368.03,
    "2025-07": 660287.8900000001,
    "2025-08": 931476.9399999985,
    "2025-09": 455871.37,
    "2025-10": 557754.0800000001,
    "2025-11": 701601.0999999999,
    "2025-12": 662753.5399999995
  },
  "year_totals": {
    "2021": 5366006.259999999,
    "2022": 6140583.860000001,
    "2023": 7560934.390000004,
    "2024": 8141221.5600000005,
    "2025": 11362601.679999994
  },
  "supplier_size_distribution": {
    "under_1k": 343,
    "1k_to_10k": 589,
    "10k_to_100k": 276,
    "100k_to_1m": 68,
    "over_1m": 6
  }
}