{
  "total_spend": 67293350.95000021,
  "transaction_count": 42536,
  "unique_suppliers": 1525,
  "financial_years": [
    "2021/22",
    "2022/23",
    "2023/24",
    "2024/25",
    "2025/26"
  ],
  "top_suppliers": [
    [
      "CAPITA BUSINESS SERVICES LTD",
      5659898.699999999
    ],
    [
      "COVID BUSINESS GRANT",
      5380625.23
    ],
    [
      "DEPARTMENT FOR LEVELLING UP",
      4142602.64
    ],
    [
      "BEIS",
      2457839.4000000004
    ],
    [
      "OZON SOLICITORS",
      2036721.6400000001
    ],
    [
      "RAPID RECRUIT LTD",
      1918331.7400000023
    ],
    [
      "LANCASHIRE COUNTY COUNCIL",
      1789731.0299999993
    ],
    [
      "ROSSENDALE LEISURE TRUST LTD",
      1545038.9000000001
    ],
    [
      "ZURICH MUNICIPAL MANAGEMENT SERVICES",
      1392389.1399999994
    ],
    [
      "POST OFFICE LTD",
      1299952.5
    ],
    [
      "MOLESWORTH HOTEL LTD",
      1279632.0
    ],
    [
      "COVID BUSINESS GRANTS",
      1035570.76
    ],
    [
      "NAME WITHHELD",
      1033512.9300000005
    ],
    [
      "NEC SOFTWARE SOLTIONS UK LTD",
      1023574.2700000001
    ],
    [
      "EDF ENERGY CUSTOMERS LTD RBC",
      911385.2600000005
    ],
    [
      "NEWLYN PLC",
      873513.8400000003
    ],
    [
      "CALICO ENTERPRISE LTD (PRINTING)",
      867525.3099999999
    ],
    [
      "EQUITA LTD",
      681985.7499999991
    ],
    [
      "HILL VIEW HOTEL",
      639226.0
    ],
    [
      "NODE4 LTD",
      609952.89
    ]
  ],
  "top_departments": [
    [
      "Customer Services & E-Government",
      20044073.140000068
    ],
    [
      "Finance & Property",
      11123375.300000053
    ],
    [
      "Regeneration",
      10897526.849999992
    ],
    [
      "Operations",
      9542566.420000007
    ],
    [
      "Corporate Management",
      8081545.64
    ],
    [
      "Covid",
      2052636.7299999995
    ],
    [
      "Planning Services",
      1291790.6300000001
    ],
    [
      "Communities",
      1152499.9299999997
    ],
    [
      "Legal & Democratic Services",
      951121.9900000007
    ],
    [
      "Non-Distributed Costs",
      703792.9900000001
    ]
  ],
  "top_payment_types": [
    [
      "Unknown",
      67293350.95000021
    ]
  ],
  "monthly_spend": {
    "2021-04": 2732992.200000002,
    "2021-05": 4100677.2100000028,
    "2021-06": 1478745.6300000018,
    "2021-09": 656189.8500000002,
    "2021-07": 1323768.78,
    "2021-08": 660724.94,
    "2021-12": 1223777.7200000011,
    "2021-10": 753156.9400000001,
    "2021-11": 875424.5599999995,
    "2022-03": 1835006.4500000037,
    "2022-02": 4956889.210000005,
    "2022-01": 708113.1299999995,
    "2022-04": 943308.639999999,
    "2022-05": 651244.4199999995,
    "2022-06": 2154798.16,
    "2023-03": 1215574.4599999995,
    "2023-01": 1042814.4100000007,
    "2023-02": 1126973.0899999996,
    "2022-09": 678809.8399999999,
    "2022-07": 1030720.1300000004,
    "2022-08": 783322.6000000003,
    "2022-11": 708118.2299999993,
    "2022-10": 992178.8399999994,
    "2022-12": 2833886.6600000006,
    "2023-04": 920604.6999999998,
    "2023-06": 875166.2800000003,
    "2023-05": 593387.72,
    "2023-07": 1435260.6599999997,
    "2023-08": 716372.4400000002,
    "2023-09": 542145.2799999999,
    "2023-10": 970538.1999999993,
    "2023-11": 1060292.8099999998,
    "2023-12": 1874339.4099999997,
    "2024-01": 777760.9400000003,
    "2024-03": 2153518.170000001,
    "2024-02": 1066833.8199999987,
    "2024-04": 1003932.5700000009,
    "2024-06": 1032003.5199999991,
    "2024-05": 1300474.1499999994,
    "2024-09": 662043.3000000005,
    "2024-07": 884022.21,
    "2024-08": 747239.5099999999,
    "2024-12": 610554.34,
    "2024-11": 757361.8600000002,
    "2024-10": 973901.3699999999,
    "2025-01": 933314.6300000002,
    "2025-03": 991381.2700000001,
    "2025-02": 793460.8499999994,
    "2025-06": 1547192.8100000012,
    "2025-05": 573120.0699999997,
    "2025-04": 1125439.3699999996,
    "2025-07": 1137251.4200000004,
    "2025-08": 592470.1399999995,
    "2025-09": 721922.1600000003,
    "2025-11": 702074.0499999999,
    "2025-10": 1110003.1099999999,
    "2025-12": 640751.7099999998
  },
  "year_totals": {
    "2021": 13805457.830000004,
    "2022": 18276396.310000006,
    "2023": 12373469.46,
    "2024": 11969645.759999998,
    "2025": 10868381.59
  },
  "supplier_size_distribution": {
    "under_1k": 538,
    "1k_to_10k": 601,
    "10k_to_100k": 294,
    "100k_to_1m": 78,
    "over_1m": 14
  }
}