{
  "total_spend": 177992288.48000106,
  "transaction_count": 18517,
  "unique_suppliers": 1850,
  "financial_years": [
    "2021/22",
    "2022/23",
    "2023/24",
    "2024/25",
    "2025/26"
  ],
  "top_suppliers": [
    [
      "LANCS COUNTY COUNCIL",
      23068852.460000005
    ],
    [
      "CADDICK CONSTRUCTION (NW) LTD",
      17647126.89
    ],
    [
      "DEPARTMENT FOR COMMUNITIES AND LOCAL GOVERNMENT",
      15084494.0
    ],
    [
      "CHORLEY BOROUGH COUNCIL",
      14098138.750000004
    ],
    [
      "ALLIANCE LEISURE SERVICES LTD",
      8790725.140000002
    ],
    [
      "RP TYSON CONSTRUCTION LTD",
      5194576.32
    ],
    [
      "INLAND REVENUE 0065PV00107808",
      5045093.4399999995
    ],
    [
      "DEPT FOR BUSINESS ENERGY & IND. STRATEGY (BEIS)",
      4908901.29
    ],
    [
      "SOUTH RIBBLE LEISURE LTD",
      4582861.7700000005
    ],
    [
      "HM REVENUE & CUSTOMS 065PV00107808",
      4159464.18
    ],
    [
      "FCC ENVIRONMENT SERVICES (UK) LTD",
      2873474.7899999996
    ],
    [
      "JOHN TURNER CONSTRUCTION GROUP LTD",
      2465353.0499999993
    ],
    [
      "KROL CORLETT CONSTRUCTION LTD",
      2264727.46
    ],
    [
      "KOMPAN LTD",
      1980637.0099999998
    ],
    [
      "ARTHUR J. GALLAGHER",
      1695577.3800000004
    ],
    [
      "STANDARD FUEL OILS LTDMAIN",
      1549971.8499999994
    ],
    [
      "PENWORTHAM TOWN COUNCIL",
      1330560.2100000002
    ],
    [
      "LANO SPORTS NV",
      1278411.98
    ],
    [
      "JOHN WADE GROUNDWORKS LTD T/A WADE GROUP",
      1250821.0099999998
    ],
    [
      "ALS MANAGED SERVICES LTD",
      1216080.5700000005
    ]
  ],
  "top_departments": [
    [
      "Capital",
      58491377.23999984
    ],
    [
      "Planning Policy",
      20542155.23
    ],
    [
      "Central Support Services",
      18111871.76999999
    ],
    [
      "Corporate Management",
      16350116.580000006
    ],
    [
      "General Government Grants",
      15069430.0
    ],
    [
      "Short Term Creditors",
      12537047.879999993
    ],
    [
      "Recreation & Sport",
      5348011.280000001
    ],
    [
      "COMP-Commercial and Property",
      3074232.9600000004
    ],
    [
      "Economic Development",
      2571957.250000001
    ],
    [
      "Payments of Precepts to Parish",
      2228423.0
    ]
  ],
  "top_payment_types": [
    [
      "Unknown",
      177992288.48000106
    ]
  ],
  "monthly_spend": {
    "2021-12": 2451538.5199999968,
    "2025-04": 4426877.580000001,
    "2025-08": 2736574.870000001,
    "2025-12": 4118149.8899999997,
    "2025-07": 2573576.15,
    "2025-06": 2558281.380000001,
    "2025-05": 3658250.44,
    "2025-11": 5606611.309999999,
    "2025-10": 2937682.6,
    "2025-09": 2866589.0999999996,
    "2024-09": 3436842.679999998,
    "2024-10": 8103367.219999998,
    "2024-12": 3115166.2100000004,
    "2024-01": 1873498.6499999997,
    "2025-01": 2516345.8400000017,
    "2025-02": 4260165.139999999,
    "2025-03": 2694074.050000001,
    "2024-02": 3288884.1000000015,
    "2024-03": 4244044.81,
    "2023-01": 2189273.62,
    "2023-02": 3754014.4800000037,
    "2023-03": 8737659.229999995,
    "2023-04": 2617685.6699999995,
    "2023-05": 8957510.690000001,
    "2023-06": 1745993.2800000005,
    "2023-08": 3455417.4000000004,
    "2023-09": 1995813.74,
    "2023-10": 1776713.6400000004,
    "2023-11": 5152717.500000004,
    "2023-12": 2320043.32,
    "2022-01": 2134172.579999999,
    "2022-02": 2059527.5599999996,
    "2022-03": 11777707.739999995,
    "2022-04": 3194938.9399999995,
    "2022-05": 1940041.320000002,
    "2022-06": 2698156.2700000005,
    "2022-07": 2596470.5800000024,
    "2022-08": 3065985.2200000016,
    "2022-10": 6376595.530000002,
    "2022-11": 3425298.5,
    "2021-04": 2185789.1999999997,
    "2021-05": 1797980.1599999997,
    "2021-06": 1683331.6299999994,
    "2021-07": 1746330.6800000004,
    "2021-08": 816749.7299999999,
    "2021-09": 2344009.61,
    "2021-10": 1482753.43,
    "2021-11": 4362283.279999999,
    "2024-04": 1916386.7499999998,
    "2024-05": 2524764.6000000015,
    "2024-06": 2416734.66,
    "2024-07": 4104136.3600000003,
    "2024-08": 1172781.04
  },
  "year_totals": {
    "2021": 18870766.239999995,
    "2025": 40953178.35000001,
    "2024": 36196607.08,
    "2023": 42702842.57,
    "2022": 39268894.24
  },
  "supplier_size_distribution": {
    "under_1k": 350,
    "1k_to_10k": 862,
    "10k_to_100k": 482,
    "100k_to_1m": 134,
    "over_1m": 22
  }
}