{
  "total_spend": 372197444.049999,
  "transaction_count": 21421,
  "unique_suppliers": 2175,
  "financial_years": [
    "2021/22",
    "2022/23",
    "2023/24",
    "2024/25",
    "2025/26"
  ],
  "top_suppliers": [
    [
      "LANCASHIRE COUNTY COUNCIL",
      149000186.79999998
    ],
    [
      "MINISTRY OF HOUSING COMMUNITIES & LOCAL GOVERNMENT",
      39584902.0
    ],
    [
      "POLICE & CRIME COMMISSIONER",
      21769249.32
    ],
    [
      "RIBBLE VALLEY BOROUGH COUNCIL DIRECT DEBIT ONLY",
      16563469.0
    ],
    [
      "MINISTRY OF HOUSING,COMMUNITIES&LOCAL GOVERNMENT",
      12268252.0
    ],
    [
      "SOUTH RIBBLE BOROUGH COUNCIL",
      12208079.3
    ],
    [
      "ROBERTSON CE LTD",
      11236771.349999998
    ],
    [
      "LANCS COMBINED FIRE AUTHORITY",
      7527201.84
    ],
    [
      "JOHN TURNER CONSTRUCTION GROUP LTD",
      7193054.170000001
    ],
    [
      "FCC ENVIRONMENT SERVICES (UK) LTD",
      5564677.949999999
    ],
    [
      "FCC RECYCLING (UK) LTD",
      4457737.999999999
    ],
    [
      "CHORLEY LEISURE LTD",
      3509877.7099999995
    ],
    [
      "PUBLIC WORKS LOANS BOARD",
      3307902.090000001
    ],
    [
      "NPOWER COMMERCIAL GAS",
      2658990.850000004
    ],
    [
      "RAYNER ROWEN CONSTRUCTION LTD",
      1846204.7699999998
    ],
    [
      "CORONA ENERGY RETAIL 2 LTD",
      1791579.79
    ],
    [
      "KERAX LTD",
      1785000.0
    ],
    [
      "DEPT FOR BUSINESS ENERGY & IND. STRATEGY (BEIS)",
      1640078.0
    ],
    [
      "CHORLEY YOUTH ZONE",
      1457241.73
    ],
    [
      "LANCASHIRE PENSIONS SERVICE BACS ONLY",
      1383185.0
    ]
  ],
  "top_departments": [
    [
      "GOVN - Policy & Governance",
      245125725.06000033
    ],
    [
      "Policy & Governance",
      39100501.06000004
    ],
    [
      "CUST - Customer & Digital",
      21513794.82999997
    ],
    [
      "GROW - Commercial & Property",
      19581854.87999998
    ],
    [
      "GROW - Commercial Services",
      12060814.809999995
    ],
    [
      "EARL - Communities",
      11395918.750000007
    ],
    [
      "Commercial & Property",
      10525410.689999998
    ],
    [
      "PLAN - Planning & Development",
      5886604.290000001
    ],
    [
      "Customer & Digital",
      3450148.469999996
    ],
    [
      "Communities",
      3068888.2699999996
    ]
  ],
  "top_payment_types": [
    [
      "Unknown",
      372197444.049999
    ]
  ],
  "monthly_spend": {
    "2024-10": 2381429.1300000013,
    "2024-11": 3346994.429999997,
    "2024-12": 1736847.5400000003,
    "2024-08": 29233.18,
    "2024-07": 39082.540000000015,
    "2024-09": 16423.08,
    "2025-01": 2130248.770000001,
    "2025-02": 2701209.7299999995,
    "2025-03": 2058190.3599999999,
    "2025-04": 4554039.390000001,
    "2025-05": 1885274.8699999999,
    "2025-06": 1639927.4999999995,
    "2025-07": 1824473.6699999983,
    "2025-08": 951740.46,
    "2025-09": 2218932.3499999996,
    "2025-10": 1601631.4400000006,
    "2025-11": 2985912.140000001,
    "2025-12": 2022282.5899999985,
    "2023-01": 11097211.579999989,
    "2023-02": 24537732.030000024,
    "2023-03": 17703848.560000025,
    "2023-04": 1900052.7399999993,
    "2023-05": 21934644.760000013,
    "2023-06": 2214167.100000002,
    "2023-07": 2267128.9800000023,
    "2023-08": 23422013.709999993,
    "2023-09": 2426961.67,
    "2023-10": 17755567.759999998,
    "2023-11": 15485220.240000004,
    "2023-12": 17778536.75000001,
    "2022-02": 31088208.23,
    "2022-03": 19881562.440000013,
    "2022-04": 3864801.9999999963,
    "2022-05": 11576701.219999999,
    "2022-06": 2219790.4699999993,
    "2022-07": 13710440.949999984,
    "2022-08": 2089193.570000001,
    "2022-09": 19801567.50000003,
    "2022-10": 14494209.150000004,
    "2022-11": 2188777.8099999996,
    "2022-12": 2444538.0899999994,
    "2021-04": 6688004.010000011,
    "2021-05": 2171210.1199999996,
    "2021-06": 25946749.63000002,
    "2021-07": 2272870.8499999978,
    "2021-08": 2814281.479999998,
    "2021-09": 16297577.479999999
  },
  "year_totals": {
    "2024": 7550009.8999999985,
    "2025": 26573863.270000003,
    "2023": 158523085.88000005,
    "2022": 123359791.43000005,
    "2021": 56190693.57000002
  },
  "supplier_size_distribution": {
    "under_1k": 631,
    "1k_to_10k": 893,
    "10k_to_100k": 486,
    "100k_to_1m": 135,
    "over_1m": 30
  }
}